{"mean_mape_%": 1.6542889823228717, "mape_5_%": 93.05412686749939}