{"mean_mape_%": 1.654334918282271, "mape_5_%": 93.05657604702424}