{"mean_mape_%": 1.4818411553802082, "mape_5_%": 94.81998530492285}