{"mean_mape_%": 1.6056599362503665, "mape_5_%": 93.21332353661523}