{"mean_mape_%": 2.756263948406256, "mape_5_%": 87.6470588235294}