{"mean_mape_%": 1.676709366446018, "mape_5_%": 94.50980392156862}