{"mean_mape_%": 1.6766145394296186, "mape_5_%": 0.946078431372549}