{"mean_mape_%": 1.6766145394296186, "mape_5_%": 94.6078431372549}